date,y5y
2009-10-01,2.8874
2009-10-02,2.8531
2009-10-05,2.9232
2009-10-06,2.927
2009-10-07,2.8942
2009-10-08,2.9815
2009-10-09,2.9572
2009-10-13,3.0186
2009-10-14,3.0724
2009-10-15,3.1041
2009-10-16,3.0802
2009-10-19,3.1368
2009-10-20,3.0954
2009-10-21,3.1539
2009-10-22,3.088
2009-10-23,3.1028
2009-10-26,3.0161
2009-10-27,3.0182
2009-10-28,2.9952
2009-10-29,3.0986
2009-10-30,3.0102
2009-11-02,3.0368
2009-11-03,3.0634
2009-11-04,3.1306
2009-11-05,3.1328
2009-11-06,3.1546
2009-11-09,3.19
2009-11-10,3.1216
2009-11-12,3.0992
2009-11-13,3.1414
2009-11-16,3.1326
2009-11-17,3.1276
2009-11-18,3.1712
2009-11-19,3.1682
2009-11-20,3.2026
2009-11-23,3.2062
2009-11-24,3.0911
2009-11-25,3.0852
2009-11-27,3.0548
2009-11-30,3.0756
2009-12-01,3.1374
2009-12-02,3.1328
2009-12-03,3.1546
2009-12-04,3.157
2009-12-07,3.134
2009-12-08,3.1718
2009-12-09,3.179
2009-12-10,3.195
2009-12-11,3.253
2009-12-14,3.2952
2009-12-15,3.3104
2009-12-16,3.3124
2009-12-17,3.262
2009-12-18,3.3184
2009-12-21,3.3779
2009-12-22,3.3783
2009-12-23,3.3499
2009-12-24,3.3568
2009-12-28,3.3358
2009-12-29,3.3285
2009-12-30,3.3236
2009-12-31,3.3398
2010-01-04,3.2978
2010-01-05,3.2161
2010-01-06,3.2374
2010-01-07,3.284
2010-01-08,3.3557
2010-01-11,3.306
2010-01-12,3.2562
2010-01-13,3.2286
2010-01-14,3.2274
2010-01-15,3.1742
2010-01-19,3.1398
2010-01-20,3.1114
2010-01-21,3.1298
2010-01-22,3.1193
2010-01-25,3.1322
2010-01-26,3.1736
2010-01-27,3.1602
2010-01-28,3.1648
2010-01-29,3.245
2010-02-01,3.2742
2010-02-02,3.2576
2010-02-03,3.2172
2010-02-04,3.1693
2010-02-05,3.1174
2010-02-08,3.1101
2010-02-09,3.127
2010-02-10,3.1385
2010-02-11,3.0682
2010-02-12,3.0756
2010-02-16,3.077
2010-02-17,3.0844
2010-02-18,3.1316
2010-02-19,3.1495
2010-02-22,3.0986
2010-02-23,3.0162
2010-02-24,3.018
2010-02-25,3.005
2010-02-26,3.032
2010-03-01,2.9896
2010-03-02,3.0044
2010-03-03,3.0044
2010-03-04,2.9434
2010-03-05,3.0504
2010-03-08,3.0582
2010-03-09,3.1096
2010-03-10,3.076
2010-03-11,3.0772
2010-03-12,3.0938
2010-03-15,3.0824
2010-03-16,3.0692
2010-03-17,3.0848
2010-03-18,3.0458
2010-03-19,3.0718
2010-03-22,3.058
2010-03-23,3.0953
2010-03-24,3.0736
2010-03-25,3.0656
2010-03-26,3.0442
2010-03-29,3.0292
2010-03-30,3.0288
2010-03-31,3.0264
2010-04-01,3.0728
2010-04-05,3.121
2010-04-06,3.129
2010-04-07,3.12
2010-04-08,3.1282
2010-04-09,3.1634
2010-04-12,3.169
2010-04-13,3.133
2010-04-14,3.1884
2010-04-15,3.1996
2010-04-16,3.1705
2010-04-19,3.1623
2010-04-20,3.163
2010-04-21,3.1686
2010-04-22,3.1702
2010-04-23,3.1892
2010-04-26,3.2228
2010-04-27,3.1854
2010-04-28,3.2444
2010-04-29,3.2803
2010-04-30,3.244
2010-05-03,3.2404
2010-05-04,3.1287
2010-05-05,3.1004
2010-05-06,2.9458
2010-05-07,3.064
2010-05-10,3.1402
2010-05-11,3.1456
2010-05-12,3.2246
2010-05-13,3.1622
2010-05-14,3.1046
2010-05-17,3.0844
2010-05-18,3.0182
2010-05-19,2.9486
2010-05-20,2.8419
2010-05-21,2.9072
2010-05-24,2.9488
2010-05-25,2.828
2010-05-26,2.9209
2010-05-27,3.0876
2010-05-28,3.0116
2010-06-01,3.0252
2010-06-02,3.1063
2010-06-03,3.1318
2010-06-04,3.0423
2010-06-07,2.9891
2010-06-08,2.9907
2010-06-09,2.9556
2010-06-10,3.0536
2010-06-11,2.9944
2010-06-14,3.0469
2010-06-15,3.1227
2010-06-16,3.0244
2010-06-17,3.0803
2010-06-18,3.1288
2010-06-21,3.1386
2010-06-22,3.0656
2010-06-23,3.0774
2010-06-24,3.0324
2010-06-25,2.9629
2010-06-28,2.9682
2010-06-29,2.9286
2010-06-30,2.8722
2010-07-01,2.8801
2010-07-02,2.8504
2010-07-06,2.8299
2010-07-07,2.8836
2010-07-08,2.9394
2010-07-09,2.9896
2010-07-12,3.0082
2010-07-13,3.067
2010-07-14,2.9726
2010-07-15,2.9569
2010-07-16,2.8232
2010-07-19,2.8134
2010-07-20,2.867
2010-07-21,2.86
2010-07-22,2.879
2010-07-23,2.8525
2010-07-26,2.926
2010-07-27,2.928
2010-07-28,2.902
2010-07-29,2.868
2010-07-30,2.861
2010-08-02,2.901
2010-08-03,2.8755
2010-08-04,2.849
2010-08-05,2.8015
2010-08-06,2.85
2010-08-09,2.799
2010-08-10,2.812
2010-08-11,2.83
2010-08-12,2.852
2010-08-13,2.772
2010-08-16,2.733
2010-08-17,2.738
2010-08-18,2.718
2010-08-19,2.708
2010-08-20,2.6685
2010-08-23,2.682
2010-08-24,2.6345
2010-08-25,2.673
2010-08-26,2.632
2010-08-27,2.6315
2010-08-30,2.648
2010-08-31,2.5995
2010-09-01,2.599
2010-09-02,2.621
2010-09-03,2.69
2010-09-07,2.6405
2010-09-08,2.6605
2010-09-09,2.639
2010-09-10,2.753
2010-09-13,2.754
2010-09-14,2.71
2010-09-15,2.674
2010-09-16,2.722
2010-09-17,2.7355
2010-09-20,2.726
2010-09-21,2.789
2010-09-22,2.7435
2010-09-23,2.759
2010-09-24,2.758
2010-09-27,2.72
2010-09-28,2.7705
2010-09-29,2.797
2010-09-30,2.791
2010-10-01,2.797
2010-10-04,2.787
2010-10-05,2.846
2010-10-06,2.921
2010-10-07,2.908
2010-10-08,2.962
2010-10-12,2.9455
2010-10-13,2.918
2010-10-14,3.122
2010-10-15,3.145
2010-10-18,3.0795
2010-10-19,3.076
2010-10-20,3.0655
2010-10-21,3.1095
2010-10-22,3.067
2010-10-25,3.179
2010-10-26,3.1875
2010-10-27,3.189
2010-10-28,3.195
2010-10-29,3.1595
2010-11-01,3.229
2010-11-02,3.235
2010-11-03,3.145
2010-11-04,2.98
2010-11-05,3.0255
2010-11-08,3.0155
2010-11-09,3.081
2010-11-10,2.968
2010-11-12,3.0545
2010-11-15,3.055
2010-11-16,3.0645
2010-11-17,3.191
2010-11-18,3.211
2010-11-19,3.1965
2010-11-22,3.2315
2010-11-23,3.1735
2010-11-24,3.2465
2010-11-26,3.1955
2010-11-29,3.175
2010-11-30,3.221
2010-12-01,3.2325
2010-12-02,3.26
2010-12-03,3.259
2010-12-06,3.2295
2010-12-07,3.343
2010-12-08,3.0945
2010-12-09,3.085
2010-12-10,3.1395
2010-12-13,3.189
2010-12-14,3.174
2010-12-15,3.273
2010-12-16,3.301
2010-12-17,3.191
2010-12-20,3.195
2010-12-21,3.173
2010-12-22,3.156
2010-12-23,3.129
2010-12-27,3.158
2010-12-28,3.142
2010-12-29,3.138
2010-12-30,3.15
2010-12-31,3.1275
2011-01-03,3.1392
2011-01-04,3.115
2011-01-05,3.1145
2011-01-06,3.085
2011-01-07,3.039
2011-01-10,3.048
2011-01-11,3.084
2011-01-12,3.075
2011-01-13,3.07
2011-01-14,3.035
2011-01-18,3.165
2011-01-19,3.075
2011-01-20,3.037
2011-01-21,3.028
2011-01-24,3.01
2011-01-25,3.018
2011-01-26,3.0825
2011-01-27,3.026
2011-01-28,3.0265
2011-01-31,3.1
2011-02-01,3.107
2011-02-02,3.096
2011-02-03,3.035
2011-02-04,3.046
2011-02-07,3.045
2011-02-08,3.0095
2011-02-09,3.0385
2011-02-10,3.0285
2011-02-11,3.013
2011-02-14,3.03
2011-02-15,3.02
2011-02-16,2.975
2011-02-17,2.967
2011-02-18,3.0835
2011-02-22,3.012
2011-02-23,2.865
2011-02-24,3.001
2011-02-25,3.035
2011-02-28,3.0225
2011-03-01,3.034
2011-03-02,3.0595
2011-03-03,3.1825
2011-03-04,3.155
2011-03-07,3.145
2011-03-08,3.175
2011-03-09,3.18
2011-03-10,3.11
2011-03-11,2.985
2011-03-14,3.09
2011-03-15,3.06
2011-03-16,3.074
2011-03-17,2.965
2011-03-18,2.9275
2011-03-21,3
2011-03-22,2.8462
2011-03-23,2.899
2011-03-24,2.898
2011-03-25,2.98
2011-03-28,3.0165
2011-03-29,2.9905
2011-03-30,2.985
2011-03-31,3.0235
2011-04-01,3.038
2011-04-04,2.981
2011-04-05,3.021
2011-04-06,3.029
2011-04-07,3.088
2011-04-08,3.077
2011-04-11,3.084
2011-04-12,3.075
2011-04-13,3.13
2011-04-14,3.159
2011-04-15,3.1925
2011-04-18,3.107
2011-04-19,3.135
2011-04-20,3.11
2011-04-21,3.076
2011-04-25,3.107
2011-04-26,2.965
2011-04-27,2.886
2011-04-28,2.968
2011-04-29,3.068
2011-05-02,2.981
2011-05-03,2.9825
2011-05-04,3.0505
2011-05-05,2.956
2011-05-06,2.993
2011-05-09,3.0405
2011-05-10,3.044
2011-05-11,2.9825
2011-05-12,3.041
2011-05-13,2.99
2011-05-16,2.989
2011-05-17,2.892
2011-05-18,2.945
2011-05-19,2.931
2011-05-20,2.942
2011-05-23,2.954
2011-05-24,3.042
2011-05-25,3.024
2011-05-26,3.013
2011-05-27,3.019
2011-05-31,3.015
2011-06-01,3.0095
2011-06-02,3.026
2011-06-03,3.064
2011-06-06,3.047
2011-06-07,3.039
2011-06-08,2.9635
2011-06-09,3.003
2011-06-10,2.979
2011-06-13,2.978
2011-06-14,3.017
2011-06-15,2.95
2011-06-16,2.991
2011-06-17,3.001
2011-06-20,3.018
2011-06-21,3.051
2011-06-22,3.043
2011-06-23,3.1185
2011-06-24,3.1425
2011-06-27,3.203
2011-06-28,3.211
2011-06-29,3.2755
2011-06-30,3.2505
2011-07-01,3.189
2011-07-05,3.124
2011-07-06,3.099
2011-07-07,3.139
2011-07-08,3.042
2011-07-11,3.064
2011-07-12,3.044
2011-07-13,3.078
2011-07-14,3.033
2011-07-15,3.086
2011-07-18,3.18
2011-07-19,3.1565
2011-07-20,3.158
2011-07-21,3.203
2011-07-22,3.197
2011-07-25,3.283
2011-07-26,3.2065
2011-07-27,3.246
2011-07-28,3.19
2011-07-29,3.1215
2011-08-01,3.125
2011-08-02,3.0205
2011-08-03,3.003
2011-08-04,3.142
2011-08-05,3.0945
2011-08-08,3.053
2011-08-09,3.1415
2011-08-10,3.195
2011-08-11,3.245
2011-08-12,3.153
2011-08-15,3.124
2011-08-16,3.1
2011-08-17,3.128
2011-08-18,2.836
2011-08-19,2.775
2011-08-22,2.872
2011-08-23,2.848
2011-08-24,2.905
2011-08-25,3.0025
2011-08-26,2.911
2011-08-29,2.9145
2011-08-30,2.885
2011-08-31,2.922
2011-09-01,2.902
2011-09-02,2.8045
2011-09-06,2.763
2011-09-07,2.827
2011-09-08,2.829
2011-09-09,2.805
2011-09-12,2.805
2011-09-13,2.807
2011-09-14,2.8295
2011-09-15,2.794
2011-09-16,2.7605
2011-09-19,2.751
2011-09-20,2.823
2011-09-21,2.744
2011-09-22,2.683
2011-09-23,2.7515
2011-09-26,2.7745
2011-09-27,2.851
2011-09-28,2.786
2011-09-29,2.6725
2011-09-30,2.759
2011-10-03,2.5425
2011-10-04,2.654
2011-10-05,2.6785
2011-10-06,2.755
2011-10-07,2.8455
2011-10-11,2.766
2011-10-12,2.7555
2011-10-13,2.694
2011-10-14,2.6915
2011-10-17,2.666
2011-10-18,2.6085
2011-10-19,2.6665
2011-10-20,2.679
2011-10-21,2.68
2011-10-24,2.71
2011-10-25,2.6985
2011-10-26,2.775
2011-10-27,2.868
2011-10-28,2.811
2011-10-31,2.73
2011-11-01,2.7395
2011-11-02,2.725
2011-11-03,2.731
2011-11-04,2.744
2011-11-07,2.763
2011-11-08,2.7555
2011-11-09,2.621
2011-11-10,2.68
2011-11-14,2.625
2011-11-15,2.679
2011-11-16,2.6355
2011-11-17,2.589
2011-11-18,2.6115
2011-11-21,2.562
2011-11-22,2.518
2011-11-23,2.526
2011-11-25,2.571
2011-11-28,2.586
2011-11-29,2.6065
2011-11-30,2.623
2011-12-01,2.635
2011-12-02,2.736
2011-12-05,2.6295
2011-12-06,2.661
2011-12-07,2.728
2011-12-08,2.581
2011-12-09,2.7976
2011-12-12,2.7145
2011-12-13,2.616
2011-12-14,2.6285
2011-12-15,2.5875
2011-12-16,2.555
2011-12-19,2.5925
2011-12-20,2.713
2011-12-21,2.753
2011-12-22,2.7625
2011-12-23,2.833
2011-12-27,2.735
2011-12-28,2.686
2011-12-29,2.6425
2011-12-30,2.626
2012-01-03,2.6635
2012-01-04,2.702
2012-01-05,2.743
2012-01-06,2.738
2012-01-09,2.753
2012-01-10,2.7275
2012-01-11,2.668
2012-01-12,2.698
2012-01-13,2.679
2012-01-17,2.679
2012-01-18,2.7245
2012-01-19,2.7765
2012-01-20,2.812
2012-01-23,2.844
2012-01-24,2.847
2012-01-25,2.8895
2012-01-26,2.8415
2012-01-27,2.843
2012-01-30,2.856
2012-01-31,2.866
2012-02-01,2.8885
2012-02-02,2.9225
2012-02-03,2.9365
2012-02-06,2.948
2012-02-07,2.9505
2012-02-08,2.943
2012-02-09,2.912
2012-02-10,2.891
2012-02-13,2.879
2012-02-14,2.8525
2012-02-15,2.8645
2012-02-16,2.928
2012-02-17,2.965
2012-02-21,2.966
2012-02-22,2.947
2012-02-23,2.889
2012-02-24,2.868
2012-02-27,2.927
2012-02-28,2.7285
2012-02-29,2.8895
2012-03-01,2.909
2012-03-02,2.84
2012-03-05,2.803
2012-03-06,2.7615
2012-03-07,2.803
2012-03-08,2.8385
2012-03-09,2.868
2012-03-12,2.873
2012-03-13,2.888
2012-03-14,2.916
2012-03-15,2.997
2012-03-16,2.9595
2012-03-19,3.0325
2012-03-20,3.0585
2012-03-21,3.0045
2012-03-22,3.0045
2012-03-23,2.9925
2012-03-26,2.9715
2012-03-27,2.9505
2012-03-28,2.9495
2012-03-29,2.9375
2012-03-30,2.94
2012-04-02,2.9865
2012-04-03,2.968
2012-04-04,2.9145
2012-04-05,2.892
2012-04-09,2.8275
2012-04-10,2.8605
2012-04-11,2.9315
2012-04-12,2.897
2012-04-13,2.799
2012-04-16,2.88
2012-04-17,2.7855
2012-04-18,2.869
2012-04-19,2.91
2012-04-20,2.87
2012-04-23,2.828
2012-04-24,2.885
2012-04-25,2.895
2012-04-26,2.992
2012-04-27,2.98
2012-04-30,2.751
2012-05-01,2.88
2012-05-02,2.87
2012-05-03,2.886
2012-05-04,2.89
2012-05-07,2.8275
2012-05-08,2.738
2012-05-09,2.86
2012-05-10,2.91
2012-05-11,2.665
2012-05-14,2.8275
2012-05-15,2.915
2012-05-16,2.7415
2012-05-17,2.77
2012-05-18,2.82
2012-05-21,2.8775
2012-05-22,2.829
2012-05-23,2.727
2012-05-24,2.82
2012-05-25,2.783
2012-05-29,2.813
2012-05-30,2.715
2012-05-31,2.78
2012-06-01,2.7775
2012-06-04,2.822
2012-06-05,2.893
2012-06-06,2.8
2012-06-07,2.8055
2012-06-08,2.817
2012-06-11,2.7525
2012-06-12,2.7785
2012-06-13,2.805
2012-06-14,2.805
2012-06-15,2.65
2012-06-18,2.768
2012-06-19,2.82
2012-06-20,2.85
2012-06-21,2.7375
2012-06-22,2.77
2012-06-25,2.88
2012-06-26,2.711
2012-06-27,2.8675
2012-06-28,2.69
2012-06-29,2.82
2012-07-02,2.7
2012-07-03,2.83
2012-07-05,2.7905
2012-07-06,2.673
2012-07-09,2.618
2012-07-10,2.7
2012-07-11,2.69
2012-07-12,2.707
2012-07-13,2.794
2012-07-16,2.661
2012-07-17,2.7775
2012-07-18,2.726
2012-07-19,2.67
2012-07-20,2.783
2012-07-23,2.7287
2012-07-24,2.7169
2012-07-25,2.6961
2012-07-26,2.7149
2012-07-27,2.7576
2012-07-30,2.7571
2012-07-31,2.7765
2012-08-01,2.7937
2012-08-02,2.7573
2012-08-03,2.8276
2012-08-06,2.8498
2012-08-07,2.869
2012-08-08,2.8938
2012-08-09,2.8445
2012-08-10,2.8405
2012-08-13,2.8148
2012-08-14,2.8555
2012-08-15,2.8633
2012-08-16,2.8705
2012-08-17,2.8783
2012-08-20,2.8832
2012-08-21,2.8898
2012-08-22,2.905
2012-08-23,2.9086
2012-08-24,2.8896
2012-08-27,2.8521
2012-08-28,2.9083
2012-08-29,2.9013
2012-08-30,2.8615
2012-08-31,2.8618
2012-09-04,2.8163
2012-09-05,2.8564
2012-09-06,2.899
2012-09-07,2.8723
2012-09-10,2.9047
2012-09-11,2.9187
2012-09-12,2.9067
2012-09-13,2.9985
2012-09-14,3.0393
2012-09-17,3.12
2012-09-18,3.0641
2012-09-19,3.0333
2012-09-20,2.9966
2012-09-21,2.9382
2012-09-24,2.9303
2012-09-25,2.9142
2012-09-26,2.9595
2012-09-27,2.9847
2012-09-28,2.9499
2012-10-01,2.9567
2012-10-02,3.0036
2012-10-03,2.8533
2012-10-04,3.0798
2012-10-05,3.0925
2012-10-09,3.0843
2012-10-10,3.0152
2012-10-11,3.0027
2012-10-12,3.012
2012-10-15,3.0273
2012-10-16,3.0124
2012-10-17,3.0082
2012-10-18,2.9616
2012-10-19,3.1012
2012-10-22,3.1316
2012-10-23,3.1418
2012-10-24,3.1016
2012-10-25,3.1147
2012-10-26,3.0763
2012-10-29,3.0185
2012-10-30,2.958
2012-10-31,2.937
2012-11-01,2.938
2012-11-02,2.943
2012-11-05,2.973
2012-11-06,2.936
2012-11-07,3.0484
2012-11-08,3.0712
2012-11-09,3.0313
2012-11-13,3.0279
2012-11-14,3.0031
2012-11-15,2.9667
2012-11-16,2.9841
2012-11-19,2.9952
2012-11-20,2.9907
2012-11-21,3.0012
2012-11-23,3.004
2012-11-26,3.0094
2012-11-27,2.9975
2012-11-28,3.0284
2012-11-29,3.065
2012-11-30,3.0542
2012-12-03,3.0997
2012-12-04,3.102
2012-12-05,3.1106
2012-12-06,3.0951
2012-12-07,3.123
2012-12-10,3.1334
2012-12-11,3.1341
2012-12-12,3.1007
2012-12-13,3.0528
2012-12-14,3.014
2012-12-17,3.0392
2012-12-18,3.1064
2012-12-19,3.0729
2012-12-20,3.078
2012-12-21,3.0749
2012-12-24,3.069
2012-12-26,3.0714
2012-12-27,3.0507
2012-12-28,3.0162
2012-12-31,3.0444
2013-01-02,3.0567
2013-01-03,3.0702
2013-01-04,3.055
2013-01-07,3.098
2013-01-08,3.0674
2013-01-09,3.0424
2013-01-10,3.0918
2013-01-11,3.0878
2013-01-14,3.0812
2013-01-15,3.081
2013-01-16,3.04
2013-01-17,3.0698
2013-01-18,3.0708
2013-01-22,3.0208
2013-01-23,3.025
2013-01-24,3.0676
2013-01-25,3.0476
2013-01-28,3.1302
2013-01-29,3.1078
2013-01-30,3.0693
2013-01-31,3.1162
2013-02-01,3.0582
2013-02-04,3.0588
2013-02-05,3.051
2013-02-06,3.0386
2013-02-07,3.0588
2013-02-08,3.0656
2013-02-11,3.0644
2013-02-12,3.1204
2013-02-13,3.0318
2013-02-14,3.0502
2013-02-15,3.0112
2013-02-19,3.0142
2013-02-20,3.0606
2013-02-21,3.0458
2013-02-22,3.061
2013-02-25,3.071
2013-02-26,3.0668
2013-02-27,3.0228
2013-02-28,3.0546
2013-03-01,3.0316
2013-03-04,3.0556
2013-03-05,3.0416
2013-03-06,3.0636
2013-03-07,3.0696
2013-03-08,3.0284
2013-03-11,3.0424
2013-03-12,3.0179
2013-03-13,3.0142
2013-03-14,2.9481
2013-03-15,2.9962
2013-03-18,3.0072
2013-03-19,3.025
2013-03-20,3.008
2013-03-21,3.039
2013-03-22,3.0558
2013-03-25,3.0076
2013-03-26,2.975
2013-03-27,3.0405
2013-03-28,3.016
2013-04-01,2.9814
2013-04-02,3.0381
2013-04-03,2.9756
2013-04-04,2.9298
2013-04-05,2.9762
2013-04-08,2.91
2013-04-09,2.8901
2013-04-10,2.9778
2013-04-11,3.0118
2013-04-12,2.9858
2013-04-15,2.9942
2013-04-16,2.9566
2013-04-17,2.9279
2013-04-18,2.8402
2013-04-19,2.9038
2013-04-22,2.9602
2013-04-23,2.9985
2013-04-24,2.9735
2013-04-25,2.9331
2013-04-26,2.9572
2013-04-29,2.9432
2013-04-30,2.942
2013-05-01,2.9266
2013-05-02,2.882
2013-05-03,2.8282
2013-05-06,2.9014
2013-05-07,2.9098
2013-05-08,2.87
2013-05-09,2.9048
2013-05-10,2.9608
2013-05-13,2.9688
2013-05-14,2.9614
2013-05-15,2.89
2013-05-16,2.8416
2013-05-17,2.8576
2013-05-20,2.8376
2013-05-21,2.8758
2013-05-22,2.8368
2013-05-23,2.885
2013-05-24,2.908
2013-05-28,2.9126
2013-05-29,2.8758
2013-05-30,2.926
2013-05-31,2.8708
2013-06-03,2.8652
2013-06-04,2.8552
2013-06-05,2.8702
2013-06-06,2.8356
2013-06-07,2.7904
2013-06-10,2.7446
2013-06-11,2.741
2013-06-12,2.7936
2013-06-13,2.714
2013-06-14,2.787
2013-06-17,2.811
2013-06-18,2.789
2013-06-19,2.694
2013-06-20,2.654
2013-06-21,2.679
2013-06-24,2.748
2013-06-25,2.754
2013-06-26,2.788
2013-06-27,2.791
2013-06-28,2.744
2013-07-01,2.795
2013-07-02,2.854
2013-07-03,2.7236
2013-07-05,2.766
2013-07-08,2.764
2013-07-09,2.727
2013-07-10,2.703
2013-07-11,2.631
2013-07-12,2.74
2013-07-15,2.7705
2013-07-16,2.8275
2013-07-17,2.846
2013-07-18,2.899
2013-07-19,2.929
2013-07-22,2.941
2013-07-23,2.931
2013-07-24,2.895
2013-07-25,2.842
2013-07-26,2.915
2013-07-29,2.993
2013-07-30,3.012
2013-07-31,2.998
2013-08-01,2.916
2013-08-02,2.933
2013-08-05,2.969
2013-08-06,3.019
2013-08-07,3.02
2013-08-08,3.048
2013-08-09,3.061
2013-08-12,3.036
2013-08-13,3.012
2013-08-14,2.993
2013-08-15,2.944
2013-08-16,2.93
2013-08-19,2.881
2013-08-20,2.8479
2013-08-21,2.851
2013-08-22,2.8225
2013-08-23,2.808
2013-08-26,2.836
2013-08-27,2.85
2013-08-28,2.819
2013-08-29,2.739
2013-08-30,2.731
2013-09-03,2.74
2013-09-04,2.701
2013-09-05,2.711
2013-09-06,2.678
2013-09-09,2.697
2013-09-10,2.749
2013-09-11,2.744
2013-09-12,2.699
2013-09-13,2.704
2013-09-16,2.779
2013-09-17,2.837
2013-09-18,2.928
2013-09-19,2.9226
2013-09-20,2.948
2013-09-23,2.997
2013-09-24,2.918
2013-09-25,2.903
2013-09-26,2.901
2013-09-27,2.887
2013-09-30,2.9593
2013-10-01,2.908
2013-10-02,2.9279
2013-10-03,2.899
2013-10-04,2.886
2013-10-07,2.895
2013-10-08,2.885
2013-10-09,2.919
2013-10-10,2.891
2013-10-11,2.915
2013-10-15,2.893
2013-10-16,2.843
2013-10-17,2.842
2013-10-18,2.863
2013-10-21,2.91
2013-10-22,2.902
2013-10-23,2.891
2013-10-24,2.896
2013-10-25,2.931
2013-10-28,2.91
2013-10-29,2.902
2013-10-30,2.886
2013-10-31,2.866
2013-11-01,2.847
2013-11-04,2.8972
2013-11-05,2.9171
2013-11-06,2.914
2013-11-07,2.88
2013-11-08,2.7724
2013-11-12,2.7784
2013-11-13,2.8465
2013-11-14,2.8415
2013-11-15,2.9293
2013-11-18,2.908
2013-11-19,2.934
2013-11-20,2.915
2013-11-21,2.8465
2013-11-22,2.888
2013-11-25,2.9315
2013-11-26,2.9181
2013-11-27,2.922
2013-11-29,2.8639
2013-12-02,2.9205
2013-12-03,2.9262
2013-12-04,2.827
2013-12-05,2.8389
2013-12-06,2.835
2013-12-09,2.859
2013-12-10,2.855
2013-12-11,2.888
2013-12-12,2.7985
2013-12-13,2.862
2013-12-16,2.905
2013-12-17,2.9415
2013-12-18,2.986
2013-12-19,2.822
2013-12-20,2.8965
2013-12-23,2.974
2013-12-24,2.7742
2013-12-26,2.919
2013-12-27,2.936
2013-12-30,2.8405
2013-12-31,2.9368
2014-01-02,2.947
2014-01-03,2.9254
2014-01-06,2.866
2014-01-07,2.892
2014-01-08,2.926
2014-01-09,2.941
2014-01-10,2.926
2014-01-13,2.9325
2014-01-14,2.933
2014-01-15,2.926
2014-01-16,2.906
2014-01-17,2.914
2014-01-21,2.9172
2014-01-22,2.9093
2014-01-23,2.862
2014-01-24,2.8856
2014-01-27,2.87
2014-01-28,2.859
2014-01-29,2.851
2014-01-30,2.8617
2014-01-31,2.8387
2014-02-03,2.841
2014-02-04,2.833
2014-02-05,2.835
2014-02-06,2.8474
2014-02-07,2.8444
2014-02-10,2.873
2014-02-11,2.8469
2014-02-12,2.8535
2014-02-13,2.848
2014-02-14,2.8312
2014-02-18,2.805
2014-02-19,2.812
2014-02-20,2.795
2014-02-21,2.8096
2014-02-24,2.828
2014-02-25,2.8322
2014-02-26,2.8382
2014-02-27,2.8132
2014-02-28,2.8476
2014-03-03,2.815
2014-03-04,2.832
2014-03-05,2.843
2014-03-06,2.878
2014-03-07,2.8681
2014-03-10,2.8495
2014-03-11,2.849
2014-03-12,2.8065
2014-03-13,2.8065
2014-03-14,2.8055
2014-03-17,2.8196
2014-03-18,2.8413
2014-03-19,2.8413
2014-03-20,2.8311
2014-03-21,2.822
2014-03-24,2.8349
2014-03-25,2.835
2014-03-26,2.835
2014-03-27,2.8148
2014-03-28,2.7942
2014-03-31,2.795
2014-04-01,2.8056
2014-04-02,2.8044
2014-04-03,2.8033
2014-04-04,2.8212
2014-04-07,2.8212
2014-04-08,2.79
2014-04-09,2.8063
2014-04-10,2.8058
2014-04-11,2.8032
2014-04-14,2.8007
2014-04-15,2.7838
2014-04-16,2.8152
2014-04-17,2.8143
2014-04-21,2.8082
2014-04-22,2.7896
2014-04-23,2.8004
2014-04-24,2.7981
2014-04-25,2.8115
2014-04-28,2.8005
2014-04-29,2.75
2014-04-30,2.7659
2014-05-01,2.7667
2014-05-02,2.7769
2014-05-05,2.77
2014-05-06,2.7513
2014-05-07,2.7563
2014-05-08,2.773
2014-05-09,2.7827
2014-05-12,2.78
2014-05-13,2.7588
2014-05-14,2.7516
2014-05-15,2.7474
2014-05-16,2.7177
2014-05-19,2.7474
2014-05-20,2.7474
2014-05-21,2.7489
2014-05-22,2.7866
2014-05-23,2.8044
2014-05-27,2.7953
2014-05-28,2.7996
2014-05-29,2.829
2014-05-30,2.8204
2014-06-02,2.8091
2014-06-03,2.7977
2014-06-04,2.7601
2014-06-05,2.7797
2014-06-06,2.8045
2014-06-09,2.7888
2014-06-10,2.7909
2014-06-11,2.7876
2014-06-12,2.7769
2014-06-13,2.7799
2014-06-16,2.793
2014-06-17,2.812
2014-06-18,2.7837
2014-06-19,2.8373
2014-06-20,2.872
2014-06-23,2.8657
2014-06-24,2.8608
2014-06-25,2.869
2014-06-26,2.8609
2014-06-27,2.8581
2014-06-30,2.8383
2014-07-01,2.8303
2014-07-02,2.8379
2014-07-03,2.8501
2014-07-07,2.849
2014-07-08,2.858
2014-07-09,2.8904
2014-07-10,2.908
2014-07-11,2.908
2014-07-14,2.9013
2014-07-15,2.8581
2014-07-16,2.8689
2014-07-17,2.8301
2014-07-18,2.8375
2014-07-21,2.8465
2014-07-22,2.8609
2014-07-23,2.861
2014-07-24,2.9027
2014-07-25,2.9926
2014-07-28,2.8691
2014-07-29,2.86
2014-07-30,2.8573
2014-07-31,2.8773
2014-08-01,2.8773
2014-08-04,2.8508
2014-08-05,2.8613
2014-08-06,2.8643
2014-08-07,2.8573
2014-08-08,2.8778
2014-08-11,2.8926
2014-08-12,2.8705
2014-08-13,2.8443
2014-08-14,2.8389
2014-08-15,2.8195
2014-08-18,2.8129
2014-08-19,2.8003
2014-08-20,2.799
2014-08-21,2.7966
2014-08-22,2.7662
2014-08-25,2.771
2014-08-26,2.7782
2014-08-27,2.764
2014-08-28,2.7617
2014-08-29,2.7514
2014-09-02,2.818
2014-09-03,2.8096
2014-09-04,2.7752
2014-09-05,2.7906
2014-09-08,2.7736
2014-09-09,2.7432
2014-09-10,2.7432
2014-09-11,2.766
2014-09-12,2.762
2014-09-15,2.764
2014-09-16,2.7522
2014-09-17,2.703
2014-09-18,2.724
2014-09-19,2.707
2014-09-22,2.678
2014-09-23,2.679
2014-09-24,2.694
2014-09-25,2.6686
2014-09-26,2.6232
2014-09-29,2.595
2014-09-30,2.638
2014-10-01,2.6257
2014-10-02,2.642
2014-10-03,2.61
2014-10-06,2.594
2014-10-07,2.59
2014-10-08,2.63
2014-10-09,2.6414
2014-10-10,2.6404
2014-10-14,2.614
2014-10-15,2.626
2014-10-16,2.61
2014-10-17,2.636
2014-10-20,2.61
2014-10-21,2.607
2014-10-22,2.597
2014-10-23,2.684
2014-10-24,2.594
2014-10-27,2.6
2014-10-28,2.606
2014-10-29,2.61
2014-10-30,2.584
2014-10-31,2.6168
2014-11-03,2.587
2014-11-04,2.5878
2014-11-05,2.593
2014-11-06,2.604
2014-11-07,2.586
2014-11-10,2.585
2014-11-12,2.564
2014-11-13,2.57
2014-11-14,2.554
2014-11-17,2.5141
2014-11-18,2.499
2014-11-19,2.464
2014-11-20,2.469
2014-11-21,2.4917
2014-11-24,2.52
2014-11-25,2.486
2014-11-26,2.5005
2014-11-28,2.472
2014-12-01,2.462
2014-12-02,2.457
2014-12-03,2.4523
2014-12-04,2.459
2014-12-05,2.4124
2014-12-08,2.541
2014-12-09,2.52
2014-12-10,2.419
2014-12-11,2.517
2014-12-12,2.3726
2014-12-15,2.3592
2014-12-16,2.3904
2014-12-17,2.387
2014-12-18,2.353
2014-12-19,2.402
2014-12-22,2.424
2014-12-23,2.413
2014-12-24,2.338
2014-12-26,2.3852
2014-12-29,2.36
2014-12-30,2.3
2014-12-31,2.295
2015-01-02,2.365
2015-01-05,2.32
2015-01-06,2.23
2015-01-07,2.243
2015-01-08,2.266
2015-01-09,2.218
2015-01-12,2.19
2015-01-13,2.152
2015-01-14,2.191
2015-01-15,2.1567
2015-01-16,2.1765
2015-01-20,2.18
2015-01-21,2.18
2015-01-22,2.214
2015-01-23,2.208
2015-01-26,2.15
2015-01-27,2.15
2015-01-28,2.13
2015-01-29,2.11
2015-01-30,2.116
2015-02-02,2.12
2015-02-03,2.15
2015-02-04,2.21
2015-02-05,2.178
2015-02-06,2.226
2015-02-09,2.17
2015-02-10,2.196
2015-02-11,2.2
2015-02-12,2.165
2015-02-13,2.162
2015-02-17,2.22
2015-02-18,2.23
2015-02-19,2.271
2015-02-20,2.268
2015-02-23,2.27
2015-02-24,2.28
2015-02-25,2.2756
2015-02-26,2.3
2015-02-27,2.321
2015-03-02,2.3
2015-03-03,2.336
2015-03-04,2.331
2015-03-05,2.32
2015-03-06,2.2938
2015-03-09,2.185
2015-03-10,2.175
2015-03-11,2.16
2015-03-12,2.1723
2015-03-13,2.1934
2015-03-16,2.144
2015-03-17,2.18
2015-03-18,2.169
2015-03-19,2.275
2015-03-20,2.2118
2015-03-23,2.1875
2015-03-24,2.18
2015-03-25,2.1725
2015-03-26,2.206
2015-03-27,2.209
2015-03-30,2.199
2015-03-31,2.226
2015-04-01,2.222
2015-04-02,2.228
2015-04-06,2.25
2015-04-07,2.264
2015-04-08,2.234
2015-04-09,2.235
2015-04-10,2.22
2015-04-13,2.199
2015-04-14,2.1835
2015-04-15,2.225
2015-04-16,2.249
2015-04-17,2.31
2015-04-20,2.292
2015-04-21,2.276
2015-04-22,2.261
2015-04-23,2.271
2015-04-24,2.29
2015-04-27,2.299
2015-04-28,2.283
2015-04-29,2.296
2015-04-30,2.2935
2015-05-01,2.336
2015-05-04,2.301
2015-05-05,2.288
2015-05-06,2.297
2015-05-07,2.273
2015-05-08,2.294
2015-05-11,2.273
2015-05-12,2.233
2015-05-13,2.233
2015-05-14,2.2
2015-05-15,2.241
2015-05-18,2.295
2015-05-19,2.3
2015-05-20,2.288
2015-05-21,2.32
2015-05-22,2.307
2015-05-26,2.349
2015-05-27,2.244
2015-05-28,2.219
2015-05-29,2.22
2015-06-01,2.261
2015-06-02,2.307
2015-06-03,2.289
2015-06-04,2.292
2015-06-05,2.296
2015-06-08,2.303
2015-06-09,2.305
2015-06-10,2.309
2015-06-11,2.258
2015-06-12,2.254
2015-06-15,2.319
2015-06-16,2.342
2015-06-17,2.398
2015-06-18,2.356
2015-06-19,2.352
2015-06-22,2.397
2015-06-23,2.469
2015-06-24,2.454
2015-06-25,2.483
2015-06-26,2.442
2015-06-29,2.411
2015-06-30,2.412
2015-07-01,2.424
2015-07-02,2.415
2015-07-06,2.44
2015-07-07,2.427
2015-07-08,2.352
2015-07-09,2.376
2015-07-10,2.388
2015-07-13,2.44
2015-07-14,2.385
2015-07-15,2.422
2015-07-16,2.391
2015-07-17,2.351
2015-07-20,2.35
2015-07-21,2.34
2015-07-22,2.3523
2015-07-23,2.2979
2015-07-24,2.277
2015-07-27,2.2743
2015-07-28,2.289
2015-07-29,2.3069
2015-07-30,2.291
2015-07-31,2.296
2015-08-03,2.346
2015-08-04,2.2675
2015-08-05,2.262
2015-08-06,2.196
2015-08-07,2.226
2015-08-10,2.241
2015-08-11,2.202
2015-08-12,2.137
2015-08-13,2.176
2015-08-14,2.191
2015-08-17,2.177
2015-08-18,2.195
2015-08-19,2.179
2015-08-20,2.152
2015-08-21,2.136
2015-08-24,2.168
2015-08-25,2.132
2015-08-26,2.163
2015-08-27,2.218
2015-08-28,2.208
2015-08-31,2.232
2015-09-01,2.174
2015-09-02,2.161
2015-09-03,2.103
2015-09-04,2.126
2015-09-08,2.138
2015-09-09,2.205
2015-09-10,2.217
2015-09-11,2.223
2015-09-14,2.175
2015-09-15,2.152
2015-09-16,2.178
2015-09-17,2.252
2015-09-18,2.163
2015-09-21,2.147
2015-09-22,2.107
2015-09-23,2.1255
2015-09-24,2.159
2015-09-25,2.118
2015-09-28,1.917
2015-09-29,1.957
2015-09-30,1.985
2015-10-01,2.062
2015-10-02,2.051
2015-10-05,2.093
2015-10-06,2.123
2015-10-07,2.168
2015-10-08,2.201
2015-10-09,2.162
2015-10-13,2.138
2015-10-14,2.115
2015-10-15,2.097
2015-10-16,2.074
2015-10-19,2.044
2015-10-20,2.08
2015-10-21,2.033
2015-10-22,2.057
2015-10-23,2.126
2015-10-26,2.135
2015-10-27,2.091
2015-10-28,2.041
2015-10-29,2.107
2015-10-30,2.117
2015-11-02,2.123
2015-11-03,2.16
2015-11-04,2.148
2015-11-05,2.127
2015-11-06,2.177
2015-11-09,2.19
2015-11-10,2.166
2015-11-12,2.176
2015-11-13,2.174
2015-11-16,2.1576
2015-11-17,2.165
2015-11-18,2.191
2015-11-19,2.202
2015-11-20,2.229
2015-11-23,2.2555
2015-11-24,2.2263
2015-11-25,2.195
2015-11-27,2.219
2015-11-30,2.231
2015-12-01,2.188
2015-12-02,2.189
2015-12-03,2.253
2015-12-04,2.257
2015-12-07,2.217
2015-12-08,2.317
2015-12-09,2.177
2015-12-10,2.124
2015-12-11,2.098
2015-12-14,2.104
2015-12-15,2.145
2015-12-16,2.083
2015-12-17,2.103
2015-12-18,2.109
2015-12-21,2.101
2015-12-22,2.127
2015-12-23,2.168
2015-12-24,2.175
2015-12-28,2.15
2015-12-29,2.174
2015-12-30,2.205
2015-12-31,2.201
2016-01-04,2.206
2016-01-05,2.169
2016-01-06,2.214
2016-01-07,2.145
2016-01-08,2.107
2016-01-11,2.027
2016-01-12,2.048
2016-01-13,2.03
2016-01-14,2.017
2016-01-15,1.9448
2016-01-19,1.996
2016-01-20,1.896
2016-01-21,1.879
2016-01-22,1.9273
2016-01-25,1.918
2016-01-26,1.92
2016-01-27,1.988
2016-01-28,1.967
2016-01-29,2.0305
2016-02-01,1.977
2016-02-02,2.057
2016-02-03,1.94
2016-02-04,1.928
2016-02-05,1.945
2016-02-08,1.811
2016-02-09,1.811
2016-02-10,1.811
2016-02-11,1.83
2016-02-12,1.8654
2016-02-16,1.846
2016-02-17,1.879
2016-02-18,1.792
2016-02-19,1.8249
2016-02-22,1.836
2016-02-23,1.925
2016-02-24,1.913
2016-02-25,1.925
2016-02-26,1.9225
2016-02-29,1.924
2016-03-01,2.013
2016-03-02,2.037
2016-03-03,2.037
2016-03-04,1.9923
2016-03-07,1.942
2016-03-08,1.88
2016-03-09,1.938
2016-03-10,1.907
2016-03-11,1.9663
2016-03-14,2
2016-03-15,1.977
2016-03-16,1.993
2016-03-17,1.985
2016-03-18,2.025
2016-03-21,2.103
2016-03-22,2.072
2016-03-23,2.052
2016-03-24,2.036
2016-03-28,2.024
2016-03-29,2.061
2016-03-30,2.09
2016-03-31,2.069
2016-04-01,2.0873
2016-04-04,2.155
2016-04-05,2.092
2016-04-06,2.109
2016-04-07,2.13
2016-04-08,2.0598
2016-04-11,2.044
2016-04-12,2.019
2016-04-13,2.008
2016-04-14,2.0148
2016-04-15,2.0123
2016-04-18,2.041
2016-04-19,2.0623
2016-04-20,2.033
2016-04-21,2.061
2016-04-22,2.0673
2016-04-25,2.081
2016-04-26,2.031
2016-04-27,2.118
2016-04-28,2.13
2016-04-29,2.1348
2016-05-02,2.108
2016-05-03,2.081
2016-05-04,2.061
2016-05-05,2.079
2016-05-06,2.0326
2016-05-09,2.092
2016-05-10,2.048
2016-05-11,2.029
2016-05-12,2.056
2016-05-13,2.0501
2016-05-16,2.073
2016-05-17,2.063
2016-05-18,2.077
2016-05-19,2.052
2016-05-20,2.0473
2016-05-23,2.004
2016-05-24,2.041
2016-05-25,2.073
2016-05-26,2.068
2016-05-27,2.0901
2016-05-31,2.047
2016-06-01,2.044
2016-06-02,2.023
2016-06-03,1.9948
2016-06-06,2.042
2016-06-07,2.019
2016-06-08,2.021
2016-06-09,1.997
2016-06-10,1.965
2016-06-13,1.918
2016-06-14,1.866
2016-06-15,1.998
2016-06-16,1.845
2016-06-17,1.8373
2016-06-20,1.875
2016-06-21,1.874
2016-06-22,1.917
2016-06-23,2.004
2016-06-24,1.9148
2016-06-27,1.983
2016-06-28,1.859
2016-06-29,1.895
2016-06-30,1.866
2016-07-01,1.8648
2016-07-05,1.866
2016-07-06,1.905
2016-07-07,1.896
2016-07-08,1.8973
2016-07-11,1.891
2016-07-12,1.949
2016-07-13,1.93
2016-07-14,1.941
2016-07-15,1.9849
2016-07-18,1.974
2016-07-19,1.9473
2016-07-20,1.977
2016-07-21,1.953
2016-07-22,1.9148
2016-07-25,1.922
2016-07-26,1.991
2016-07-27,2.072
2016-07-28,1.975
2016-07-29,1.9648
2016-08-01,1.942
2016-08-02,1.887
2016-08-03,1.92
2016-08-04,1.915
2016-08-05,1.947
2016-08-08,2.013
2016-08-09,1.953
2016-08-10,1.933
2016-08-11,1.944
2016-08-12,1.9301
2016-08-15,1.933
2016-08-16,1.936
2016-08-17,1.961
2016-08-18,1.948
2016-08-19,1.9298
2016-08-22,1.904
2016-08-23,1.956
2016-08-24,1.967
2016-08-25,1.969
2016-08-26,1.9499
2016-08-29,1.931
2016-08-30,1.932
2016-08-31,2.031
2016-09-01,1.965
2016-09-02,1.9799
2016-09-06,1.967
2016-09-07,2.0154
2016-09-08,2.036
2016-09-09,1.9998
2016-09-12,1.97
2016-09-13,1.968
2016-09-14,1.9898
2016-09-15,2.006
2016-09-16,1.9973
2016-09-19,1.964
2016-09-20,1.9523
2016-09-21,2.006
2016-09-22,2.006
2016-09-23,2.02
2016-09-26,2.017
2016-09-27,2.056
2016-09-28,1.997
2016-09-29,1.988
2016-09-30,1.9998
2016-10-03,2.062
2016-10-04,2.044
2016-10-05,2.07
2016-10-06,2.09
2016-10-07,2.0565
2016-10-11,2.041
2016-10-12,2.149
2016-10-13,2.076
2016-10-14,2.0888
2016-10-17,2.149
2016-10-18,2.102
2016-10-19,2.11
2016-10-20,2.12
2016-10-21,2.1025
2016-10-24,2.139
2016-10-25,2.127
2016-10-26,2.1718
2016-10-27,2.172
2016-10-28,2.1748
2016-10-31,2.162
2016-11-01,2.171
2016-11-02,2.24
2016-11-03,2.228
2016-11-04,2.1309
2016-11-07,2.221
2016-11-08,2.2
2016-11-09,2.358
2016-11-10,2.5
2016-11-14,2.452
2016-11-15,2.391
2016-11-16,2.388
2016-11-17,2.482
2016-11-18,2.476
2016-11-21,2.468
2016-11-22,2.503
2016-11-23,2.471
2016-11-25,2.4413
2016-11-28,2.395
2016-11-29,2.395
2016-11-30,2.4758
2016-12-01,2.556
2016-12-02,2.521
2016-12-05,2.454
2016-12-06,2.509
2016-12-07,2.495
2016-12-08,2.46
2016-12-09,2.4757
2016-12-12,2.501
2016-12-13,2.44
2016-12-14,2.459
2016-12-15,2.3911
2016-12-16,2.3688
2016-12-19,2.381
2016-12-20,2.379
2016-12-21,2.402
2016-12-22,2.445
2016-12-23,2.453
2016-12-27,2.491
2016-12-28,2.48
2016-12-29,2.403
2016-12-30,2.4211
2017-01-03,2.554
2017-01-04,2.539
2017-01-05,2.609
2017-01-06,2.4123
2017-01-09,2.385
2017-01-10,2.487
2017-01-11,2.426
2017-01-12,2.421
2017-01-13,2.415
2017-01-17,2.476
2017-01-18,2.417
2017-01-19,2.473
2017-01-20,2.443
2017-01-23,2.55
2017-01-24,2.452
2017-01-25,2.495
2017-01-26,2.518
2017-01-27,2.475
2017-01-30,2.517
2017-01-31,2.518
2017-02-01,2.486
2017-02-02,2.424
2017-02-03,2.4174
2017-02-06,2.374
2017-02-07,2.439
2017-02-08,2.384
2017-02-09,2.421
2017-02-10,2.4094
2017-02-13,2.458
2017-02-14,2.424
2017-02-15,2.445
2017-02-16,2.378
2017-02-17,2.4008
2017-02-21,2.404
2017-02-22,2.409
2017-02-23,2.447
2017-02-24,2.3664
2017-02-27,2.385
2017-02-28,2.386
2017-03-01,2.392
2017-03-02,2.386
2017-03-03,2.3555
2017-03-06,2.38
2017-03-07,2.375
2017-03-08,2.361
2017-03-09,2.373
2017-03-10,2.3978
2017-03-13,2.46
2017-03-14,2.417
2017-03-15,2.4351
2017-03-16,2.494
2017-03-17,2.4099
2017-03-20,2.522
2017-03-21,2.371
2017-03-22,2.395
2017-03-23,2.396
2017-03-24,2.3915
2017-03-27,2.401
2017-03-28,2.407
2017-03-29,2.368
2017-03-30,2.382
2017-03-31,2.3936
2017-04-03,2.465
2017-04-04,2.403
2017-04-05,2.481
2017-04-06,2.386
2017-04-07,2.3699
2017-04-10,2.352
2017-04-11,2.379
2017-04-12,2.312
2017-04-13,2.3684
2017-04-17,2.355
2017-04-18,2.395
2017-04-19,2.33
2017-04-20,2.304
2017-04-21,2.2773
2017-04-24,2.321
2017-04-25,2.392
2017-04-26,2.41
2017-04-27,2.3924
2017-04-28,2.4043
2017-05-01,2.391
2017-05-02,2.445
2017-05-03,2.356
2017-05-04,2.338
2017-05-05,2.3314
2017-05-08,2.325
2017-05-09,2.321
2017-05-10,2.29
2017-05-11,2.309
2017-05-12,2.3044
2017-05-15,2.277
2017-05-16,2.272
2017-05-17,2.242
2017-05-18,2.264
2017-05-19,2.2899
2017-05-22,2.27
2017-05-23,2.2663
2017-05-24,2.2373
2017-05-25,2.2401
2017-05-26,2.2475
2017-05-30,2.2469
2017-05-31,2.24
2017-06-01,2.2462
2017-06-02,2.2213
2017-06-05,2.2063
2017-06-06,2.1754
2017-06-07,2.1882
2017-06-08,2.2115
2017-06-09,2.2224
2017-06-12,2.183
2017-06-13,2.192
2017-06-14,2.157
2017-06-15,2.1368
2017-06-16,2.1238
2017-06-19,2.1286
2017-06-20,2.1175
2017-06-21,2.1386
2017-06-22,2.1661
2017-06-23,2.1687
2017-06-26,2.2018
2017-06-27,2.204
2017-06-28,2.2339
2017-06-29,2.2237
2017-06-30,2.259
2017-07-03,2.2238
2017-07-05,2.246
2017-07-06,2.2478
2017-07-07,2.25
2017-07-10,2.216
2017-07-11,2.25
2017-07-12,2.2449
2017-07-13,2.257
2017-07-14,2.2366
2017-07-17,2.2665
2017-07-18,2.2484
2017-07-19,2.258
2017-07-20,2.2163
2017-07-21,2.2068
2017-07-24,2.244
2017-07-25,2.259
2017-07-26,2.2499
2017-07-27,2.272
2017-07-28,2.2677
2017-07-31,2.27
2017-08-01,2.2513
2017-08-02,2.2464
2017-08-03,2.223
2017-08-04,2.2536
2017-08-07,2.2723
2017-08-08,2.3088
2017-08-09,2.272
2017-08-10,2.2645
2017-08-11,2.2487
2017-08-14,2.23
2017-08-15,2.2434
2017-08-16,2.2586
2017-08-17,2.2365
2017-08-18,2.2529
2017-08-21,2.239
2017-08-22,2.241
2017-08-23,2.2224
2017-08-24,2.2326
2017-08-25,2.2243
2017-08-28,2.2365
2017-08-29,2.2173
2017-08-30,2.2174
2017-08-31,2.233
2017-09-01,2.2478
2017-09-05,2.2288
2017-09-06,2.2411
2017-09-07,2.2348
2017-09-08,2.2548
2017-09-11,2.2824
2017-09-12,2.2825
2017-09-13,2.2847
2017-09-14,2.3236
2017-09-15,2.3181
2017-09-18,2.2832
2017-09-19,2.3138
2017-09-20,2.3201
2017-09-21,2.2618
2017-09-22,2.2695
2017-09-25,2.2438
2017-09-26,2.2513
2017-09-27,2.2726
2017-09-28,2.2942
2017-09-29,2.28
2017-10-02,2.2623
2017-10-03,2.2263
2017-10-04,2.3115
2017-10-05,2.2431
2017-10-06,2.2687
2017-10-10,2.2737
2017-10-11,2.2813
2017-10-12,2.242
2017-10-13,2.2738
2017-10-16,2.2924
2017-10-17,2.2462
2017-10-18,2.2688
2017-10-19,2.208
2017-10-20,2.2826
2017-10-23,2.2765
2017-10-24,2.2875
2017-10-25,2.299
2017-10-26,2.3088
2017-10-27,2.3037
2017-10-30,2.2647
2017-10-31,2.2375
2017-11-01,2.2563
2017-11-02,2.2415
2017-11-03,2.2325
2017-11-06,2.2424
2017-11-07,2.243
2017-11-08,2.2604
2017-11-09,2.2738
2017-11-10,2.2887
2017-11-13,2.2962
2017-11-14,2.2842
2017-11-15,2.2179
2017-11-16,2.2563
2017-11-17,2.2251
2017-11-20,2.2513
2017-11-21,2.2328
2017-11-22,2.2542
2017-11-24,2.24
2017-11-27,2.2575
2017-11-28,2.2663
2017-11-29,2.3117
2017-11-30,2.312
2017-12-01,2.3135
2017-12-04,2.3301
2017-12-05,2.3026
2017-12-06,2.2885
2017-12-07,2.2962
2017-12-08,2.295
2017-12-11,2.2925
2017-12-12,2.338
2017-12-13,2.2704
2017-12-14,2.288
2017-12-15,2.2775
2017-12-18,2.309
2017-12-19,2.2782
2017-12-20,2.2947
2017-12-21,2.3125
2017-12-22,2.3319
2017-12-26,2.3248
2017-12-27,2.3225
2017-12-28,2.3071
2017-12-29,2.335
2018-01-02,2.319
2018-01-03,2.3537
2018-01-04,2.3557
2018-01-05,2.3661
2018-01-08,2.3377
2018-01-09,2.3512
2018-01-10,2.336
2018-01-11,2.3185
2018-01-12,2.2728
2018-01-16,2.3065
2018-01-17,2.3245
2018-01-18,2.3977
2018-01-19,2.4154
2018-01-22,2.4128
2018-01-23,2.3832
2018-01-24,2.3775
2018-01-25,2.42
2018-01-26,2.3937
2018-01-29,2.3854
2018-01-30,2.4139
2018-01-31,2.4736
2018-02-01,2.4098
2018-02-02,2.4023
2018-02-05,2.4424
2018-02-06,2.428
2018-02-07,2.4098
2018-02-08,2.498
2018-02-09,2.4525
2018-02-12,2.4113
2018-02-13,2.3863
2018-02-14,2.4348
2018-02-15,2.411
2018-02-16,2.3873
2018-02-20,2.3597
2018-02-21,2.4288
2018-02-22,2.4272
2018-02-23,2.3617
2018-02-26,2.4162
2018-02-27,2.3613
2018-02-28,2.3976
2018-03-01,2.3812
2018-03-02,2.4065
2018-03-05,2.4125
2018-03-06,2.3875
2018-03-07,2.3789
2018-03-08,2.401
2018-03-09,2.3793
2018-03-12,2.4386
2018-03-13,2.3853
2018-03-14,2.3515
2018-03-15,2.373
2018-03-16,2.3875
2018-03-19,2.3915
2018-03-20,2.3931
2018-03-21,2.354
2018-03-22,2.4242
2018-03-23,2.3619
2018-03-26,2.4068
2018-03-27,2.3526
2018-03-28,2.3472
2018-03-29,2.3512
2018-04-02,2.3299
2018-04-03,2.3957
2018-04-04,2.3925
2018-04-05,2.4402
2018-04-06,2.3974
2018-04-09,2.361
2018-04-10,2.3999
2018-04-11,2.3901
2018-04-12,2.4455
2018-04-13,2.4436
2018-04-16,2.4337
2018-04-17,2.4578
2018-04-18,2.4375
2018-04-19,2.4338
2018-04-20,2.5007
2018-04-23,2.4587
2018-04-24,2.4466
2018-04-25,2.4463
2018-04-26,2.4927
2018-04-27,2.4563
2018-04-30,2.4621
2018-05-01,2.4495
2018-05-02,2.4574
2018-05-03,2.445
2018-05-04,2.4476
2018-05-07,2.44
2018-05-08,2.4061
2018-05-09,2.4194
2018-05-10,2.4551
2018-05-11,2.4362
2018-05-14,2.4188
2018-05-15,2.4375
2018-05-16,2.4544
2018-05-17,2.4625
2018-05-18,2.4344
2018-05-21,2.4175
2018-05-22,2.4238
2018-05-23,2.4075
2018-05-24,2.3989
2018-05-25,2.3976
2018-05-29,2.3838
2018-05-30,2.3774
2018-05-31,2.3875
2018-06-01,2.4023
2018-06-04,2.4375
2018-06-05,2.4463
2018-06-06,2.4663
2018-06-07,2.4495
2018-06-08,2.4337
2018-06-11,2.4425
2018-06-12,2.4512
2018-06-13,2.4532
2018-06-14,2.425
2018-06-15,2.4325
2018-06-18,2.4439
2018-06-19,2.4326
2018-06-20,2.4324
2018-06-21,2.4363
2018-06-22,2.4343
2018-06-25,2.435
2018-06-26,2.4245
2018-06-27,2.42
2018-06-28,2.4351
2018-06-29,2.3993
2018-07-02,2.3933
2018-07-03,2.4262
2018-07-05,2.4224
2018-07-06,2.4212
2018-07-09,2.4063
2018-07-10,2.4126
2018-07-11,2.4061
2018-07-12,2.4198
2018-07-13,2.3875
2018-07-16,2.435
2018-07-17,2.4594
2018-07-18,2.4045
2018-07-19,2.384
2018-07-20,2.4099
2018-07-23,2.4338
2018-07-24,2.449
2018-07-25,2.449
2018-07-26,2.4376
2018-07-27,2.4411
2018-07-30,2.4444
2018-07-31,2.449
2018-08-01,2.4712
2018-08-02,2.4154
2018-08-03,2.4523
2018-08-06,2.4437
2018-08-07,2.4562
2018-08-08,2.4488
2018-08-09,2.4438
2018-08-10,2.4099
2018-08-13,2.4126
2018-08-14,2.4147
2018-08-15,2.4364
2018-08-16,2.4023
2018-08-17,2.3962
2018-08-20,2.3837
2018-08-21,2.4062
2018-08-22,2.3994
2018-08-23,2.3565
2018-08-24,2.4055
2018-08-27,2.3759
2018-08-28,2.4213
2018-08-29,2.4323
2018-08-30,2.3923
2018-08-31,2.3976
2018-09-04,2.3963
2018-09-05,2.4109
2018-09-06,2.4013
2018-09-07,2.3954
2018-09-10,2.3913
2018-09-11,2.4075
2018-09-12,2.3962
2018-09-13,2.4247
2018-09-14,2.395
2018-09-17,2.3975
2018-09-18,2.4213
2018-09-19,2.4413
2018-09-20,2.4821
2018-09-21,2.486
2018-09-24,2.4494
2018-09-25,2.4859
2018-09-26,2.449
2018-09-27,2.4188
2018-09-28,2.4485
2018-10-01,2.417
2018-10-02,2.3954
2018-10-03,2.4337
2018-10-04,2.4255
2018-10-05,2.4043
2018-10-09,2.4424
2018-10-10,2.4417
2018-10-11,2.4136
2018-10-12,2.4038
2018-10-15,2.4165
2018-10-16,2.396
2018-10-17,2.3995
2018-10-18,2.3949
2018-10-19,2.3987
2018-10-22,2.3929
2018-10-23,2.3715
2018-10-24,2.3704
2018-10-25,2.33
2018-10-26,2.3474
2018-10-29,2.3865
2018-10-30,2.2932
2018-10-31,2.3519
2018-11-01,2.314
2018-11-02,2.3324
2018-11-05,2.324
2018-11-06,2.3175
2018-11-07,2.3387
2018-11-08,2.356
2018-11-09,2.3562
2018-11-13,2.3781
2018-11-14,2.368
2018-11-15,2.3418
2018-11-16,2.3264
2018-11-19,2.2838
2018-11-20,2.2738
2018-11-21,2.2974
2018-11-23,2.3049
2018-11-26,2.287
2018-11-27,2.3017
2018-11-28,2.3155
2018-11-29,2.3319
2018-11-30,2.3353
2018-12-03,2.369
2018-12-04,2.293
2018-12-05,2.323
2018-12-06,2.3151
2018-12-07,2.3074
2018-12-10,2.2749
2018-12-11,2.3076
2018-12-12,2.2862
2018-12-13,2.2787
2018-12-14,2.2302
2018-12-17,2.222
2018-12-18,2.2275
2018-12-19,2.196
2018-12-20,2.1921
2018-12-21,2.2205
2018-12-24,2.2049
2018-12-26,2.2082
2018-12-27,2.1712
2018-12-28,2.1596
2018-12-31,2.1347
2019-01-02,2.092
2019-01-03,2.0644
2019-01-04,2.1124
2019-01-07,2.1372
2019-01-08,2.1725
2019-01-09,2.1794
2019-01-10,2.1748
2019-01-11,2.1888
2019-01-14,2.185
2019-01-15,2.2282
2019-01-16,2.1747
2019-01-17,2.203
2019-01-18,2.2235
2019-01-22,2.2005
2019-01-23,2.182
2019-01-24,2.1529
2019-01-25,2.1587
2019-01-28,2.1612
2019-01-29,2.16
2019-01-30,2.206
2019-01-31,2.2439
2019-02-01,2.2787
2019-02-04,2.2618
2019-02-05,2.2513
2019-02-06,2.2463
2019-02-07,2.2225
2019-02-08,2.1825
2019-02-11,2.1812
2019-02-12,2.1884
2019-02-13,2.1948
2019-02-14,2.1975
2019-02-15,2.1937
2019-02-19,2.1948
2019-02-20,2.2198
2019-02-21,2.2449
2019-02-22,2.2401
2019-02-25,2.2676
2019-02-26,2.2567
2019-02-27,2.28
2019-02-28,2.2894
2019-03-01,2.3062
2019-03-04,2.297
2019-03-05,2.2926
2019-03-06,2.2754
2019-03-07,2.2658
2019-03-08,2.2275
2019-03-11,2.2499
2019-03-12,2.2425
2019-03-13,2.26
2019-03-14,2.289
2019-03-15,2.2896
2019-03-18,2.3084
2019-03-19,2.3
2019-03-20,2.2847
2019-03-21,2.2986
2019-03-22,2.2647
2019-03-25,2.221
2019-03-26,2.2205
2019-03-27,2.206
2019-03-28,2.228
2019-03-29,2.2368
2019-04-01,2.242
2019-04-02,2.2399
2019-04-03,2.2549
2019-04-04,2.2513
2019-04-05,2.26
2019-04-08,2.285
2019-04-09,2.2761
2019-04-10,2.2875
2019-04-11,2.2934
2019-04-12,2.2999
2019-04-15,2.2905
2019-04-16,2.287
2019-04-17,2.2775
2019-04-18,2.2606
2019-04-22,2.3074
2019-04-23,2.2986
2019-04-24,2.2988
2019-04-25,2.313
2019-04-26,2.3137
2019-04-29,2.3041
2019-04-30,2.2783
2019-05-01,2.24
2019-05-02,2.2364
2019-05-03,2.2572
2019-05-06,2.2459
2019-05-07,2.2091
2019-05-08,2.2059
2019-05-09,2.2021
2019-05-10,2.2189
2019-05-13,2.1981
2019-05-14,2.1999
2019-05-15,2.1704
2019-05-16,2.16
2019-05-17,2.1464
2019-05-20,2.1588
2019-05-21,2.1905
2019-05-22,2.155
2019-05-23,2.136
2019-05-24,2.1518
2019-05-28,2.1149
2019-05-29,2.122
2019-05-30,2.1134
2019-05-31,2.1119
2019-06-03,2.1053
2019-06-04,2.1186
2019-06-05,2.151
2019-06-06,2.096
2019-06-07,2.0649
2019-06-10,2.0601
2019-06-11,2.07
2019-06-12,2.0711
2019-06-13,2.0459
2019-06-14,2.0057
2019-06-17,1.9129
2019-06-18,1.988
2019-06-19,2.028
2019-06-20,2.0761
2019-06-21,2.0682
2019-06-24,2.0648
2019-06-25,2.0515
2019-06-26,2.0653
2019-06-27,2.0499
2019-06-28,2.0485
2019-07-01,2.0549
2019-07-02,2.0099
2019-07-03,1.9988
2019-07-05,2.0224
2019-07-08,2.0487
2019-07-09,2.0588
2019-07-10,2.0812
2019-07-11,2.0886
2019-07-12,2.1123
2019-07-15,2.1164
2019-07-16,2.1356
2019-07-17,2.0936
2019-07-18,2.09
2019-07-19,2.1166
2019-07-22,2.0918
2019-07-23,2.1225
2019-07-24,2.1517
2019-07-25,2.1176
2019-07-26,2.115
2019-07-29,2.083
2019-07-30,2.0923
2019-07-31,2.105
2019-08-01,2.0256
2019-08-02,2.0087
2019-08-05,1.9725
2019-08-06,1.9875
2019-08-07,2.0223
2019-08-08,2.0036
2019-08-09,2.0007
2019-08-12,1.955
2019-08-13,1.9624
2019-08-14,1.9098
2019-08-15,1.8988
2019-08-16,1.91
2019-08-19,1.9137
2019-08-20,1.9038
2019-08-21,1.8726
2019-08-22,1.8833
2019-08-23,1.8877
2019-08-26,1.9149
2019-08-27,1.9148
2019-08-28,1.985
2019-08-29,1.9851
2019-08-30,1.9924
2019-09-03,1.9174
2019-09-04,1.923
2019-09-05,1.9586
2019-09-06,1.9461
2019-09-09,1.9736
2019-09-10,1.9636
2019-09-11,1.9687
2019-09-12,2.0086
2019-09-13,2.0417
2019-09-16,2.0492
2019-09-17,2.0401
2019-09-18,1.9825
2019-09-19,1.932
2019-09-20,1.9874
2019-09-23,1.9735
2019-09-24,1.9337
2019-09-25,1.962
2019-09-26,1.932
2019-09-27,1.9007
2019-09-30,1.9432
2019-10-01,1.9115
2019-10-02,1.8963
2019-10-03,1.8798
2019-10-04,1.9066
2019-10-07,1.9237
2019-10-08,1.8849
2019-10-09,1.8999
2019-10-10,1.9224
2019-10-11,1.9427
